City,Max Temperature,Humidity,Wind Speed,Cloudiness,Latitude,Longitude,Country,Date
nikolskoye,-0.72,96.0,3.34,100.0,59.7035,30.7861,RU,1643566515
upernavik,-19.45,71.0,4.29,100.0,72.7868,-56.1549,GL,1643566515
muswellbrook,17.96,92.0,1.08,46.0,-32.2667,150.9,AU,1643566516
wajima,1.28,57.0,4.42,92.0,37.4,136.9,JP,1643566516
atlantic city,-2.6,43.0,5.14,0.0,39.3643,-74.4229,US,1643566516
cidreira,24.91,57.0,7.37,7.0,-30.1811,-50.2056,BR,1643566517
hay river,-22.01,77.0,3.6,100.0,60.8156,-115.7999,CA,1643566517
carutapera,24.34,92.0,2.99,94.0,-1.195,-46.02,BR,1643566517
hobart,13.92,96.0,0.45,2.0,-42.8794,147.3294,AU,1643566349
kodiak,-4.27,68.0,6.17,20.0,57.79,-152.4072,US,1643566518
castro,18.1,98.0,2.46,100.0,-24.7911,-50.0119,BR,1643566518
leningradskiy,-22.72,93.0,0.23,100.0,69.3833,178.4167,RU,1643566519
qaanaaq,-21.94,71.0,5.11,100.0,77.484,-69.3632,GL,1643566514
mar del plata,30.01,56.0,8.49,40.0,-38.0023,-57.5575,AR,1643566519
vao,26.21,87.0,4.63,99.0,-22.6667,167.4833,NC,1643566519
mayumba,25.85,85.0,2.4,91.0,-3.432,10.6554,GA,1643566520
bakchar,-14.98,95.0,2.31,65.0,57.0186,82.0711,RU,1643566520
baft,5.05,61.0,1.6,0.0,29.234,56.6057,IR,1643566520
barentsburg,14.71,99.0,0.85,45.0,-46.1927,168.8643,NZ,1643566521
mataura,5.85,56.0,6.17,75.0,51.6869,13.2202,DE,1643566521
belushya guba,23.96,88.0,0.0,82.0,4.6374,103.4368,MY,1643566522
herzberg,27.64,77.0,9.72,64.0,3.0707,172.7902,KI,1643566515
paka,-4.97,86.0,0.0,75.0,38.5,38.0,TR,1643566522
butaritari,25.8,87.0,2.89,100.0,-16.0999,167.4164,VU,1643566523
vaitupu,27.43,71.0,4.27,42.0,10.5669,72.642,IN,1643566523
malatya,15.82,87.0,1.28,23.0,-38.6533,178.0042,NZ,1643566523
lakatoro,-13.03,66.0,4.63,98.0,60.7522,-137.5108,CA,1643566498
kavaratti,-22.39,98.0,4.36,98.0,71.9667,102.5,RU,1643566524
gisborne,27.51,77.0,6.36,57.0,5.6667,73.0,MV,1643566524
haines junction,-34.35,89.0,0.48,33.0,70.6333,147.9167,RU,1643566524
khatanga,17.64,72.0,1.75,88.0,-0.3332,37.6459,KE,1643566525
grand river south east,-20.42,88.0,2.29,4.0,65.5833,-171.0,RU,1643566525
ugoofaaru,-13.09,66.0,8.75,0.0,78.2186,15.6401,SJ,1643566525
chokurdakh,30.12,29.0,3.65,0.0,-32.8167,-56.5167,UY,1643566526
chuka,28.7,75.0,7.9,100.0,-5.6667,132.75,ID,1643566526
lavrentiya,12.06,43.0,12.86,75.0,-53.15,-70.9167,CL,1643566526
longyearbyen,17.83,78.0,8.22,3.0,-33.65,115.3333,AU,1643566527
paso de los toros,7.81,76.0,10.29,75.0,-54.8,-68.3,AR,1643566527
tual,-11.7,79.0,9.51,100.0,66.9395,-53.6735,GL,1643566527
punta arenas,22.67,71.0,7.75,40.0,-34.4187,19.2345,ZA,1643566528
busselton,20.88,93.0,1.08,88.0,-1.9005,11.906,GA,1643566528
ushuaia,17.46,56.0,5.11,39.0,-41.8697,-73.8203,CL,1643566528
sisimiut,-24.71,77.0,3.6,100.0,62.456,-114.3525,CA,1643566529
hermanus,24.03,92.0,1.56,100.0,-0.9492,100.3543,ID,1643566529
mbigou,-10.56,96.0,4.5,99.0,48.6814,71.6433,KZ,1643566529
ancud,17.78,13.0,5.53,1.0,13.6017,26.6876,SD,1643566530
yellowknife,28.97,65.0,4.63,75.0,-20.3297,-40.2925,BR,1643566472
padang,31.98,58.0,3.6,40.0,-22.9661,-42.0278,BR,1643566590
atasu,28.98,71.0,3.94,100.0,-0.7393,-90.3518,EC,1643566591
umm kaddadah,25.23,88.0,2.45,100.0,-21.5667,165.4833,NC,1643566591
vostok,27.76,69.0,3.77,100.0,-0.6,73.0833,MV,1643566592
vila velha,14.9,95.0,1.11,49.0,-46.1333,167.6833,NZ,1643566592
arraial do cabo,-23.95,99.0,1.27,95.0,50.7214,136.6319,RU,1643566592
puerto ayora,-14.23,89.0,7.35,100.0,43.6475,111.9767,CN,1643566593
bourail,26.77,79.0,4.8,60.0,-21.3585,55.7679,RE,1643566593
taolanaro,26.24,82.0,4.67,100.0,-2.0226,147.2712,PG,1643566594
hithadhoo,6.38,82.0,3.1,4.0,40.9965,15.6514,IT,1643566594
tuatapere,-36.3,100.0,0.56,93.0,67.5447,133.385,RU,1643566594
solnechnyy,13.73,74.0,0.89,3.0,-42.7826,147.0587,AU,1643566595
erenhot,24.39,93.0,2.22,100.0,-3.8004,102.2655,ID,1643566595
saint-philippe,-0.02,88.0,5.66,39.0,62.3913,17.3063,SE,1643566595
lorengau,23.28,13.0,5.33,21.0,12.3807,17.0568,TD,1643566596
melfi,-10.88,63.0,3.71,100.0,60.9167,-46.05,GL,1643566596
verkhoyansk,25.25,93.0,1.76,99.0,-0.7289,-47.8481,BR,1643566596
new norfolk,16.95,94.0,3.09,100.0,-37.8333,140.7667,AU,1643566583
bengkulu,24.54,61.0,1.92,59.0,-23.1203,-134.9692,PF,1643566597
sundsvall,-28.45,100.0,1.28,100.0,71.9167,114.0833,RU,1643566332
bokoro,28.54,15.0,2.34,100.0,9.9022,4.4192,NG,1643566597
narsaq,-24.15,70.0,3.09,75.0,63.7506,-68.5145,CA,1643566598
curuca,26.55,83.0,7.45,100.0,-13.8833,167.55,VU,1643566489
mount gambier,25.12,79.0,5.9,10.0,-9.8,-139.0333,PF,1643566598
rikitea,19.45,42.0,3.41,0.0,32.6667,-17.1,PT,1643566599
saskylakh,1.38,70.0,3.19,19.0,34.6836,112.4536,CN,1643566599
wawa,24.79,87.0,4.83,100.0,-2.9022,-40.8411,BR,1643566599
iqaluit,23.18,70.0,0.89,20.0,22.0752,-159.319,US,1643566600
sola,-26.87,69.0,1.03,75.0,70.4692,-68.5914,CA,1643566600
atuona,23.87,86.0,9.45,89.0,-33.5906,26.891,ZA,1643566600
ponta do sol,25.64,81.0,1.47,84.0,4.1363,96.1285,ID,1643566601
luoyang,0.22,49.0,6.25,96.0,35.7333,140.8333,JP,1643566601
camocim,-31.11,97.0,2.12,88.0,68.75,161.3,RU,1643566602
kapaa,-6.38,51.0,1.34,75.0,42.097,-79.2353,US,1643566465
clyde river,20.05,49.0,6.17,40.0,4.7059,-74.2302,CO,1643565977
port alfred,-8.17,45.0,2.54,100.0,39.7432,98.5174,CN,1643566602
meulaboh,-12.91,35.0,14.29,6.0,65.6145,-37.6368,GL,1643566602
amderma,27.04,78.0,8.23,13.0,-24.8667,113.6333,AU,1643566603
illoqqortoormiut,22.28,72.0,0.89,0.0,-33.9258,18.4232,ZA,1643566603
hasaki,-2.6,86.0,0.0,0.0,44.7749,-117.8344,US,1643566603
cherskiy,28.25,70.0,4.33,85.0,-8.8978,-35.1478,BR,1643566604
jamestown,21.18,74.0,3.58,0.0,34.6391,-120.4579,US,1643566559
mosquera,23.52,88.0,6.17,20.0,-33.0153,27.9116,ZA,1643566604
jiuquan,-3.72,47.0,0.45,0.0,41.3712,-73.414,US,1643566604
tasiilaq,24.5,85.0,7.02,84.0,-33.918,25.5701,ZA,1643566605
carnarvon,21.81,91.0,3.2,71.0,-34.0527,23.3716,ZA,1643566605
cape town,-12.99,66.0,7.72,75.0,69.2167,-51.1,GL,1643566666
baker city,23.35,71.0,4.47,100.0,-10.75,-77.7667,PE,1643566666
sao jose da coroa grande,28.02,84.0,1.79,100.0,4.9333,-52.3333,GF,1643566591
lompoc,4.97,67.0,6.49,23.0,29.9576,122.298,CN,1643566666
east london,-36.14,100.0,1.08,97.0,66.7697,123.3711,RU,1643566667
bethel,19.99,68.0,6.69,96.0,20.931,-17.0347,MR,1643566667
port elizabeth,26.29,54.0,5.64,98.0,-33.6971,-53.4616,UY,1643566667
plettenberg bay,26.58,83.0,1.92,97.0,-8.145,159.5921,SB,1643566668
moerai,-5.47,36.0,0.45,42.0,42.6001,-73.9662,US,1643566507
ilulissat,26.93,76.0,5.24,100.0,-21.2,-175.2,TO,1643566668
barranca,17.27,49.0,4.63,0.0,30.3858,-88.6117,US,1643566439
cayenne,8.43,85.0,12.86,100.0,47.6666,-52.7314,CA,1643566669
shenjiamen,23.27,82.0,6.43,82.0,-34.0033,24.7314,ZA,1643566669
zhigansk,-4.68,90.0,5.57,99.0,53.4973,42.6163,RU,1643566670
nouadhibou,-28.07,95.0,0.96,92.0,67.8006,130.4114,RU,1643566670
chuy,25.06,45.0,4.52,73.0,21.2833,-89.6667,MX,1643566670
buala,24.36,84.0,0.5,100.0,-7.9631,145.7785,PG,1643566671
albany,22.88,83.0,4.96,20.0,-23.1333,150.7333,AU,1643566671
vaini,17.3,66.0,7.56,55.0,-37.6167,-73.65,CL,1643566671
gautier,28.9,70.0,3.09,40.0,-9.8756,-56.0861,BR,1643566468
tsihombe,22.38,83.0,5.66,20.0,-34.5322,20.0403,ZA,1643566672
torbay,24.12,92.0,1.12,78.0,10.9995,122.6711,PH,1643566672
kruisfontein,27.14,83.0,3.6,75.0,-20.3428,57.7575,MU,1643566673
zemetchino,24.36,72.0,0.0,0.0,20.8947,-156.47,US,1643566592
batagay-alyta,6.59,89.0,18.98,100.0,57.4129,-6.1942,GB,1643566673
progreso,-32.23,71.0,0.0,40.0,64.8378,-147.7164,US,1643566673
kerema,13.77,25.0,0.89,0.0,28.292,-82.4165,US,1643566674
yeppoon,3.86,65.0,7.91,40.0,46.4333,26.4,RO,1643566674
lebu,10.35,54.0,1.38,0.0,22.0333,96.4667,MM,1643566633
alta floresta,23.02,78.0,0.51,20.0,11.6667,92.75,IN,1643566675
bredasdorp,23.56,63.0,3.48,10.0,15.0167,74.0167,IN,1643566675
dingle,-7.5,93.0,4.7,100.0,58.4993,39.1353,RU,1643566675
bambous virieux,-1.45,74.0,18.52,40.0,63.4427,-20.2734,IS,1643566676
kahului,14.89,92.0,1.6,87.0,-46.6,168.3333,NZ,1643566676
portree,30.44,62.0,5.58,77.0,-17.7125,-39.2481,BR,1643566676
fairbanks,26.03,89.0,4.12,75.0,-21.2078,-159.775,CK,1643566677
pasco,15.34,87.0,0.89,40.0,-41.45,147.1667,AU,1643566677
asau,-1.0,78.0,9.56,97.0,70.8578,29.0864,NO,1643566677
maymyo,7.64,81.0,4.44,2.0,43.9433,15.4519,HR,1643566678
port blair,2.31,74.0,6.4,30.0,36.7167,117.5,CN,1643566678
kankon,2.94,70.0,4.63,100.0,57.0531,-135.33,US,1643566394
poshekhonye,13.07,77.0,13.58,99.0,32.767,22.6367,LY,1643566678
vestmannaeyjar,-12.88,75.0,7.28,100.0,50.0334,-66.8654,CA,1643566679
bluff,21.88,84.0,1.62,73.0,-34.5833,150.8552,AU,1643566679
caravelas,22.47,93.0,0.84,72.0,-17.0,145.4333,AU,1643566680
avarua,24.02,94.0,4.63,75.0,-8.3791,-74.5539,PE,1643566680
launceston,-10.94,92.0,6.06,100.0,67.6713,53.087,RU,1643566680
berlevag,13.34,45.0,5.46,98.0,31.2156,29.9553,EG,1643566681
biograd na moru,-17.87,85.0,0.0,100.0,55.1786,61.6222,RU,1643566741
mingshui,-24.08,95.0,1.5,100.0,69.7008,170.3133,RU,1643566741
sitka,0.54,25.0,8.27,62.0,37.3581,115.3744,CN,1643566742
darnah,32.1,22.0,3.67,0.0,-33.7456,-61.9688,AR,1643566742
port-cartier,-3.77,93.0,7.0,100.0,49.1447,56.4872,KZ,1643566742
flinders,-21.41,92.0,1.99,51.0,53.45,125.8,RU,1643566743
kot putli,14.32,66.0,10.0,66.0,39.05,-27.9833,PT,1643566743
mareeba,-12.46,88.0,4.63,75.0,49.8167,-94.4337,CA,1643566702
pucallpa,25.23,94.0,4.38,100.0,-19.55,169.2667,VU,1643566743
naryan-mar,24.16,14.0,4.11,94.0,10.3744,10.7288,NG,1643566744
alexandria,21.74,72.0,3.12,81.0,13.1667,44.5833,YE,1643566744
daru,5.6,60.0,8.95,95.0,49.0043,17.4363,CZ,1643566745
potanino,11.89,100.0,1.54,6.0,31.61,34.7642,IL,1643566745
pevek,-12.2,69.0,4.96,100.0,61.994,-49.6678,GL,1643566745
nangong,27.0,78.0,1.04,61.0,-20.9373,55.2919,RE,1643566746
venado tuerto,5.01,67.0,5.58,100.0,35.1333,140.3,JP,1643566746
shubarkuduk,26.82,78.0,7.2,28.0,-21.3393,55.4781,RE,1643566746
magdagachi,-10.78,95.0,3.32,100.0,60.0158,41.0614,RU,1643566747
lagoa,20.06,68.0,4.12,0.0,26.5579,54.8807,IR,1643566747
kenora,-11.0,94.0,3.46,100.0,65.2,31.1667,RU,1643566747
isangel,23.68,71.0,3.09,40.0,19.7297,-155.09,US,1643566748
bara,-15.0,98.0,1.88,100.0,65.3718,58.0387,RU,1643566748
lahij,-18.4,92.0,9.56,100.0,73.5069,80.5464,RU,1643566748
ostrozska nova ves,-8.89,44.0,3.47,100.0,40.2833,97.2,CN,1643566749
gat,18.01,56.0,5.06,69.0,27.9769,-114.0611,MX,1643566749
paamiut,-21.36,100.0,0.75,100.0,62.1406,65.3936,RU,1643566713
le port,9.81,95.0,3.09,100.0,40.5982,-124.1573,US,1643566750
katsuura,9.94,52.0,1.97,27.0,40.661,-7.9097,PT,1643566750
saint-pierre,26.47,83.0,2.85,96.0,-1.8283,-44.8683,BR,1643566750
syamzha,-5.93,92.0,5.62,97.0,54.5777,41.8145,RU,1643566752
bandar-e lengeh,11.65,57.0,1.5,7.0,25.5198,90.2201,IN,1643566752
kalevala,-27.36,100.0,1.85,82.0,71.6872,128.8694,RU,1643566752
hilo,-12.71,64.0,4.47,75.0,50.2001,-66.3821,CA,1643566753
synya,24.5,88.0,0.51,100.0,-26.2433,-48.6381,BR,1643566753
crab hill,16.31,94.0,1.64,96.0,-8.9266,125.4092,TL,1643566753
dikson,-24.64,99.0,3.65,99.0,67.4667,78.7,RU,1643566754
yumen,-23.99,77.0,4.63,40.0,71.2906,-156.7887,US,1643566754
guerrero negro,-17.02,93.0,1.2,6.0,43.5064,123.5064,CN,1643566754
nyagan,14.22,77.0,5.66,40.0,38.5167,-28.7,PT,1643566580
fortuna,-0.66,89.0,9.58,100.0,56.3167,22.9,LT,1643566755
viseu,-10.67,85.0,4.0,75.0,53.0452,158.6483,RU,1643566755
cururupu,25.93,80.0,2.9,1.0,-16.2325,39.9086,MZ,1643566756
umzimvubu,-29.94,100.0,2.15,16.0,49.758,129.523,RU,1643566756
pitelino,3.16,94.0,5.04,100.0,61.4732,-6.8119,FO,1643566756
tura,-19.0,78.0,8.75,100.0,69.4541,-133.0374,CA,1643566757
tiksi,21.1,40.0,2.22,88.0,7.7669,-72.225,VE,1643566757
sept-iles,-8.05,44.0,1.5,78.0,38.9342,100.4517,CN,1643566758
sao francisco do sul,-16.31,97.0,3.62,91.0,68.0531,39.5131,RU,1643566818
airai,31.21,54.0,1.34,98.0,-8.1642,-70.3536,BR,1643566818
tazovskiy,-12.31,70.0,0.96,28.0,36.6167,101.7667,CN,1643566819
barrow,-15.86,95.0,3.6,100.0,61.0998,72.6035,RU,1643566819
zhengjiatun,23.62,90.0,0.89,100.0,-2.6833,111.6167,ID,1643566819
ribeira grande,5.93,86.0,1.03,100.0,46.4154,3.9054,FR,1643566820
naujoji akmene,-0.62,48.0,0.45,100.0,39.0062,-77.4286,US,1643566679
petropavlovsk-kamchatskiy,27.79,79.0,3.8,29.0,17.8815,-76.4093,JM,1643566820
angoche,1.71,95.0,6.36,99.0,46.1333,25.6167,RO,1643566821
shirokiy,10.26,29.0,0.89,0.0,37.1041,-113.5841,US,1643566554
vagur,-3.14,86.0,9.26,75.0,70.3705,31.1107,NO,1643566821
tuktoyaktuk,16.32,98.0,3.19,9.0,-38.2667,141.9667,AU,1643566821
san cristobal,25.38,73.0,3.39,100.0,-0.8667,134.0833,ID,1643566822
haibowan,-0.23,95.0,4.62,100.0,52.6333,29.7333,BY,1643566822
zhangye,6.13,34.0,1.34,4.0,34.8791,-76.9013,US,1643566823
gushikawa,20.3,58.0,4.96,99.0,-7.8447,-79.1469,PE,1643566823
ostrovnoy,25.21,87.0,5.25,16.0,6.1241,81.1185,LK,1643566780
mys shmidta,22.68,94.0,5.14,75.0,-9.4431,147.1797,PG,1643566824
feijo,26.13,23.0,5.01,68.0,4.1213,43.8894,SO,1643566824
xining,21.38,65.0,4.64,60.0,-33.8667,121.9,AU,1643566824
nefteyugansk,21.05,100.0,2.06,40.0,-31.4333,152.9167,AU,1643566825
pangkalanbuun,18.1,15.0,6.1,1.0,18.6853,12.9164,NE,1643566825
saint-francois,0.92,50.0,7.91,100.0,67.667,12.6934,NO,1643566825
sterling,2.13,95.0,0.56,46.0,27.3409,117.4831,CN,1643566826
morant bay,0.68,86.0,3.09,100.0,40.4272,71.7189,UZ,1643566697
bradut,27.16,83.0,3.6,75.0,-20.4081,57.7,MU,1643566826
sarasau,26.39,15.0,2.71,54.0,8.8833,11.3667,NG,1643566827
saint george,18.33,50.0,5.14,0.0,29.5958,-90.7195,US,1643566806
vardo,17.81,42.0,4.2,0.0,30.8207,-88.0706,US,1643566827
codrington,23.14,77.0,3.75,100.0,-10.0681,-78.1522,PE,1643566827
manokwari,-3.35,88.0,2.38,100.0,52.85,-102.3842,CA,1643566828
svetlogorsk,13.35,84.0,1.64,94.0,-41.4122,175.5153,NZ,1643566828
havelock,-3.49,43.0,0.72,48.0,38.4167,77.2406,CN,1643566828
chicama,-8.8,92.0,2.06,75.0,64.7507,20.9528,SE,1643566829
hambantota,7.99,49.0,1.93,0.0,20.7833,97.0333,MM,1643566829
port moresby,2.92,76.0,3.36,66.0,33.7333,135.9833,JP,1643566830
vestbygda,22.23,88.0,8.23,100.0,-28.7667,114.6,AU,1643566830
xuddur,25.76,62.0,1.62,100.0,3.2204,-76.3139,CO,1643566830
esperance,25.25,87.0,1.91,86.0,-3.945,122.4989,ID,1643566831
port macquarie,31.83,20.0,0.17,83.0,6.5456,-7.4966,CI,1643566831
bilma,25.84,67.0,3.09,20.0,22.8909,-109.9124,MX,1643566831
sorland,12.67,90.0,2.05,32.0,-45.8742,170.5036,NZ,1643566832
shaowu,27.19,75.0,3.57,73.0,5.4033,125.4636,PH,1643566833
komsomolskiy,28.23,42.0,4.28,6.0,-34.4833,-54.3333,UY,1643566834
sentyabrskiy,-5.95,83.0,1.54,20.0,61.5814,-149.4394,US,1643566801
mahebourg,17.67,97.0,1.35,100.0,-8.1881,15.375,AO,1643566894
jalingo,28.18,71.0,4.49,79.0,-9.0122,-35.2225,BR,1643566895
houma,-5.29,51.0,6.69,0.0,44.1003,-70.2148,US,1643566895
saraland,-13.92,51.0,7.2,32.0,48.8832,-72.4487,CA,1643566895
huarmey,24.47,73.0,7.13,56.0,9.4942,50.8122,SO,1643566896
hudson bay,6.71,80.0,2.24,100.0,54.2797,-0.4044,GB,1643566795
waipawa,1.14,37.0,0.45,100.0,38.2668,-76.4538,US,1643566896
shache,26.37,74.0,3.25,32.0,-16.7833,-151.5,PF,1643566897
skelleftea,28.4,77.0,2.19,71.0,-17.7833,-57.7667,BO,1643566897
taunggyi,30.14,27.0,3.02,43.0,9.7873,-69.7937,VE,1643566897
ahumada,25.09,86.0,4.76,100.0,-2.8856,-40.12,BR,1643566898
ozgon,11.56,69.0,8.45,97.0,28.3667,129.4833,JP,1643566898
shingu,21.89,95.0,1.66,99.0,-5.3833,27.0,CD,1643566898
geraldton,11.4,21.0,2.18,0.0,39.4883,-1.1004,ES,1643566899
padilla,27.83,70.0,4.03,69.0,4.8699,-2.2405,GH,1643566899
kendari,14.23,49.0,0.99,88.0,40.1629,-8.3327,PT,1643566899
guiglo,-15.91,78.0,2.06,20.0,55.7435,-97.8558,CA,1643566900
cabo san lucas,32.3,51.0,1.67,80.0,-5.1833,-68.9,BR,1643566900
dunedin,11.97,96.0,1.08,50.0,-46.2817,169.8464,NZ,1643566901
sarangani,7.96,75.0,2.68,90.0,41.2092,36.9739,TR,1643566901
rocha,-22.33,65.0,2.61,18.0,50.35,90.5,RU,1643566901
tukrah,0.08,91.0,2.14,79.0,67.0953,15.3878,NO,1643566902
wasilla,-13.52,97.0,2.74,87.0,69.5259,31.1703,RU,1643566902
camabatela,23.65,68.0,7.05,88.0,-25.1667,45.05,MG,1643566902
maragogi,12.44,46.0,5.25,2.0,34.0537,-85.255,US,1643566903
lewiston,-2.14,88.0,1.12,56.0,54.7169,-113.2854,CA,1643566889
albanel,22.33,95.0,1.03,74.0,-35.7167,150.1833,AU,1643566903
bandarbeyla,-24.69,97.0,3.93,86.0,69.4865,88.3972,RU,1643566904
scarborough,13.27,44.0,0.58,0.0,29.5542,66.0215,PK,1643566904
lexington park,-2.88,95.0,4.44,94.0,51.6703,45.5953,RU,1643566905
tevaitoa,25.07,86.0,2.5,99.0,0.7,108.9,ID,1643566905
puerto quijarro,-16.95,96.0,2.85,100.0,53.9353,139.9242,RU,1643566905
el tocuyo,22.81,77.0,2.76,58.0,14.05,78.75,IN,1643566906
acarau,4.19,87.0,8.23,100.0,58.9848,-2.9587,GB,1643566906
naze,-3.03,80.0,14.92,75.0,63.8424,-22.4338,IS,1643566906
yian,20.95,75.0,4.75,68.0,-26.6481,15.1594,NA,1643566907
kongolo,31.28,62.0,5.49,75.0,-15.8631,-38.8828,BR,1643566907
requena,0.45,61.0,1.04,51.0,34.2583,108.9286,CN,1643566907
axim,24.05,69.0,1.54,0.0,17.0151,54.0924,OM,1643566908
lata,-14.82,80.0,3.52,1.0,64.3833,-173.3,RU,1643566902
thompson,33.18,10.0,3.29,30.0,9.65,-9.7833,GN,1643566908
jutai,17.86,82.0,0.89,20.0,28.6585,-17.9182,ES,1643566909
kaitangata,2.27,94.0,2.32,100.0,35.5333,134.8333,JP,1643566909
terme,28.46,74.0,4.12,0.0,15.85,-97.0667,MX,1643566786
mugur-aksy,22.12,70.0,6.97,100.0,14.8961,-24.4956,CV,1643566909
rognan,-19.86,85.0,2.94,100.0,49.6835,-83.6665,CA,1643566970
pechenga,-12.99,78.0,3.6,100.0,53.8251,-101.2541,CA,1643566970
beloha,24.59,75.0,8.17,81.0,-30.7414,30.455,ZA,1643566970
cedartown,24.01,76.0,4.41,92.0,-17.7333,-149.15,PF,1643566971
athabasca,24.04,24.0,1.64,56.0,27.0167,-108.9333,MX,1643566971
batemans bay,-3.95,61.0,4.57,44.0,39.2667,141.8833,JP,1643566972
talnakh,-30.06,97.0,1.46,62.0,56.1481,113.4267,RU,1643566972
one hundred mile house,28.61,60.0,9.94,49.0,-20.7377,116.8463,AU,1643566972
samalaeulu,25.45,84.0,2.72,100.0,1.1667,108.9667,ID,1643566973
nushki,2.93,99.0,3.34,65.0,45.8456,41.5186,RU,1643566810
tatishchevo,3.02,75.0,1.83,100.0,32.1228,114.0656,CN,1643566973
sungairaya,15.18,75.0,0.45,52.0,22.2855,114.1577,HK,1643566798
mnogovershinnyy,-12.19,59.0,4.69,6.0,43.7444,135.2892,RU,1643566974
gardan diwal,3.51,82.0,7.12,100.0,62.2266,-6.589,FO,1643566852
rayachoti,28.18,66.0,1.94,74.0,-13.255,-43.4181,BR,1643566974
kirkwall,15.36,70.0,0.89,0.0,38.421,-121.4238,US,1643566969
grindavik,28.9,60.0,1.97,92.0,-8.11,-42.9444,BR,1643566975
luderitz,-14.09,72.0,2.57,100.0,54.7682,-101.865,CA,1643566907
belmonte,33.05,58.0,3.6,40.0,-4.2525,-69.9381,BR,1643566975
xian,10.98,38.0,1.34,0.0,37.12,-93.4802,US,1643566975
salalah,28.27,88.0,0.0,20.0,5.4112,100.3354,MY,1643566912
provideniya,27.43,18.0,2.28,80.0,8.3018,30.1418,SS,1643566976
tokonou,-18.87,100.0,0.88,100.0,61.9247,63.0231,RU,1643566976
los llanos de aridane,-28.62,82.0,1.0,75.0,64.75,177.4833,RU,1643566977
toyooka,27.02,76.0,2.45,100.0,-18.65,-173.9833,TO,1643566977
puerto escondido,-35.98,68.0,1.03,40.0,65.282,-126.8329,CA,1643566977
sao filipe,28.03,83.0,8.23,52.0,-20.3167,118.5667,AU,1643566857
namibe,23.34,68.0,4.63,0.0,-13.7,-76.2167,PE,1643566978
hearst,-17.0,98.0,1.7,92.0,61.8106,51.5806,RU,1643566978
tumannyy,27.98,83.0,3.6,40.0,-0.7193,8.7815,GA,1643566979
the pas,21.73,61.0,2.1,6.0,15.7167,73.8,IN,1643566979
port shepstone,17.52,82.0,7.2,40.0,33.0833,-16.3333,PT,1643566979
tautira,31.11,55.0,3.19,73.0,-15.5631,-39.3025,BR,1643566980
alamos,25.38,84.0,1.63,100.0,-8.4667,140.3333,ID,1643566877
attawapiskat,-24.06,100.0,0.51,94.0,61.67,96.37,RU,1643566980
kamaishi,30.12,51.0,6.17,20.0,11.2529,-85.8705,NI,1643566980
severomuysk,10.46,86.0,3.12,94.0,47.875,-3.9225,FR,1643566981
karratha,30.04,49.0,4.89,7.0,10.7,-14.3667,GN,1643566981
pemangkat,26.23,86.0,2.64,100.0,-6.2167,155.6333,PG,1643566870
krasnogvardeyskoye,22.74,80.0,3.09,50.0,-28.783,32.0377,ZA,1643566981
xinyang,29.34,65.0,8.23,40.0,13.2167,-59.5167,BB,1643566982
victoria,13.82,44.0,1.06,7.0,41.1818,-7.8003,PT,1643566982
olga,31.41,22.0,2.28,33.0,-35.6566,-63.7568,AR,1643566983
klaksvik,26.92,57.0,3.63,90.0,-5.5569,-80.8222,PE,1643566983
halalo,22.53,81.0,5.45,94.0,-22.35,16.1333,NA,1643566983
bom jesus da lapa,23.55,92.0,0.36,100.0,-23.7781,-45.3581,BR,1643567044
laguna,10.14,27.0,6.32,6.0,34.4166,-79.3712,US,1643567044
canto do buriti,-30.08,99.0,1.76,46.0,47.35,142.8,RU,1643567044
flin flon,1.61,58.0,4.59,100.0,63.7256,8.834,NO,1643567045
tabatinga,37.0,7.0,3.47,10.0,13.8065,-10.8321,ML,1643567045
republic,-7.19,34.0,0.8,94.0,42.2683,118.9636,CN,1643567045
nizhneyansk,25.03,86.0,4.55,100.0,-2.9248,-39.9167,BR,1643566994
georgetown,-2.05,70.0,12.29,74.0,66.0449,-17.3389,IS,1643567046
ler,30.5,66.0,6.89,33.0,-5.1989,-35.4608,BR,1643567046
agirish,34.19,37.0,1.08,86.0,-16.9833,-65.1333,BO,1643567047
anadyr,29.75,41.0,7.31,11.0,10.1483,-85.452,CR,1643567047
neiafu,30.09,35.0,2.78,2.0,19.9333,-105.25,MX,1643567047
norman wells,27.92,31.0,5.03,0.0,-28.5708,-70.7581,CL,1643567048
mixtepec,16.84,49.0,1.61,0.0,30.4833,-115.95,MX,1643566851
port hedland,16.08,37.0,5.46,0.0,24.6877,46.7219,SA,1643566664
pisco,13.54,21.0,1.85,0.0,39.2858,-2.7921,ES,1643567048
kortkeros,-15.26,89.0,5.8,100.0,68.7098,-52.8699,GL,1643567048
port-gentil,31.0,45.0,3.09,20.0,-26.8241,-65.2226,AR,1643567006
pernem,27.19,75.0,0.8,88.0,-2.5744,150.7967,PG,1643567047
camacha,-20.92,100.0,1.2,100.0,61.3614,63.5842,RU,1643567049
mascote,32.92,26.0,3.63,1.0,-34.5838,-60.9433,AR,1643567049
merauke,24.27,28.0,0.42,99.0,2.6678,12.7109,CM,1643567050
baykit,18.28,59.0,1.25,0.0,28.147,-15.6502,ES,1643567050
san juan del sur,19.91,42.0,1.79,0.0,30.2672,-97.7431,US,1643566980
concarneau,18.06,40.0,4.12,0.0,25.5333,-103.25,MX,1643566800
sangueya,23.66,91.0,5.53,82.0,-19.5314,-54.0439,BR,1643567051
kieta,17.31,77.0,6.08,99.0,-35.6167,174.5,NZ,1643567051
richards bay,-31.26,93.0,1.53,89.0,49.9811,92.0667,MN,1643567052
bathsheba,15.06,29.0,1.74,0.0,27.7599,68.0921,PK,1643567052
seara,2.36,76.0,3.52,96.0,44.1667,52.1167,KZ,1643567052
general pico,15.66,79.0,6.5,80.0,37.7167,-25.4333,PT,1643567053
sechura,12.29,27.0,0.89,40.0,32.3123,-106.7783,US,1643566769
otjimbingwe,3.01,93.0,2.06,75.0,54.5163,-128.6035,CA,1643567035
barabai,34.88,17.0,3.52,0.0,-29.15,-59.65,AR,1643567053
ilhabela,-16.63,100.0,1.55,87.0,59.9816,45.7854,RU,1643566866
dillon,-2.7,35.0,5.14,0.0,39.4101,-74.3646,US,1643567054
dolinsk,17.11,61.0,0.45,0.0,36.6177,-121.9166,US,1643567046
sistranda,24.99,78.0,2.06,20.0,-23.865,35.3833,MZ,1643567054
bafoulabe,25.47,67.0,1.31,92.0,-4.9667,23.45,CD,1643567055
chifeng,7.1,57.0,3.74,0.0,38.4362,57.4316,TM,1643567055
itarema,19.8,75.0,0.8,0.0,18.4167,84.05,IN,1643567055
husavik,9.67,37.0,1.29,100.0,34.8014,-106.5436,US,1643567056
touros,-18.0,96.0,2.76,100.0,66.5606,67.7975,RU,1643567057
chimore,-21.22,98.0,1.35,100.0,54.3419,101.5036,RU,1643567057
nicoya,-7.55,83.0,11.61,100.0,61.95,159.2333,RU,1643567117
tomatlan,30.7,58.0,7.2,40.0,-7.2597,-34.9075,BR,1643567118
vallenar,29.57,42.0,4.92,2.0,-34.6667,-54.9167,UY,1643567118
san quintin,20.36,80.0,7.1,96.0,-22.45,18.9667,NA,1643567118
riyadh,26.92,80.0,1.29,100.0,-7.2586,-64.7981,BR,1643567119
socuellamos,28.9,70.0,3.09,0.0,16.8634,-99.8901,MX,1643566856
aasiaat,31.12,66.0,3.09,40.0,-5.795,-35.2094,BR,1643567104
tucuman,31.59,10.0,2.6,73.0,9.8833,-2.9167,BF,1643567119
kavieng,14.34,44.0,3.6,40.0,-45.5752,-72.0662,CL,1643567002
sovetskiy,4.49,52.0,5.12,85.0,33.7667,130.4667,JP,1643567059
junin,-4.62,44.0,3.13,26.0,41.8007,-73.1212,US,1643567120
khonuu,18.98,84.0,4.78,1.0,-34.7333,135.8667,AU,1643567120
akom,10.67,46.0,0.0,0.0,36.4072,-105.5731,US,1643567121
galdar,5.42,62.0,9.47,14.0,54.007,15.9875,PL,1643567121
austin,21.27,23.0,10.8,20.0,-22.4667,-68.9333,CL,1643567121
matamoros,20.56,74.0,2.66,64.0,-35.5333,144.9667,AU,1643567122
malwan,14.74,36.0,1.15,0.0,26.3411,77.8115,IN,1643567122
camapua,-0.29,95.0,6.45,77.0,48.6078,42.8486,RU,1643567122
ngunguru,22.38,49.0,4.12,43.0,20.8667,-90.4,MX,1643566987
ulaangom,17.4,95.0,5.22,100.0,-35.1,173.7833,NZ,1643566897
miro khan,26.45,81.0,3.85,100.0,0.8,127.4,ID,1643567123
shetpe,25.56,56.0,3.14,83.0,23.45,-110.2167,MX,1643567123
vila franca do campo,-8.7,87.0,2.2,34.0,61.5706,11.0555,NO,1643567123
gurskoye,19.94,65.0,5.73,0.0,26.9581,56.2719,IR,1643567124
las cruces,25.46,88.0,2.5,100.0,-6.8844,112.2051,ID,1643567124
terrace,7.59,96.0,6.26,100.0,54.549,-3.5841,GB,1643567124
reconquista,-29.28,91.0,2.22,53.0,50.7333,92.05,RU,1643566927
kichmengskiy gorodok,31.13,11.0,2.38,91.0,9.0333,1.4167,TG,1643567125
brigantine,-23.07,99.0,1.25,8.0,46.4667,124.8667,CN,1643567125
pacific grove,25.04,13.0,4.96,5.0,20.1986,1.0114,ML,1643567126
inhambane,17.61,98.0,1.68,100.0,-12.3648,27.8229,ZM,1643567126
lusambo,13.21,49.0,2.68,0.0,39.2191,-121.0611,US,1643566902
baherden,15.82,51.0,2.24,0.0,38.6979,-9.4215,PT,1643567127
narasannapeta,-6.0,88.0,2.15,61.0,69.2408,19.2344,NO,1643567127
abu jubayhah,-7.81,91.0,3.33,100.0,61.8099,36.5345,RU,1643567127
meadow lake,-4.83,49.0,0.5,35.0,41.1231,80.2644,CN,1643567050
marcona,24.72,47.0,3.32,7.0,14.3167,76.65,IN,1643567128
kuala krai,6.68,59.0,5.67,36.0,39.2061,54.5906,TM,1643567128
aksarka,-31.58,100.0,1.18,45.0,69.3,139.9,RU,1643567128
kuytun,25.03,87.0,8.06,62.0,-33.0117,17.9442,ZA,1643566966
erzin,12.0,38.0,4.63,0.0,36.2362,-90.0556,US,1643567129
evensk,6.7,87.0,1.03,40.0,36.655,51.4204,IR,1643567129
lolua,3.54,42.0,1.7,0.0,36.2133,58.7958,IR,1643567129
conde,26.99,78.0,4.63,100.0,-15.7667,128.7333,AU,1643567130
maldonado,2.63,83.0,2.14,7.0,29.2892,121.4247,CN,1643567130
gobabis,16.02,91.0,3.52,100.0,-35.1667,173.1667,NZ,1643567015
labrea,-11.5,96.0,2.41,92.0,58.7383,49.4582,RU,1643567130
acapulco,-15.48,96.0,4.5,82.0,51.8,68.3333,KZ,1643567191
natal,17.81,74.0,6.33,0.0,-33.2667,115.7167,AU,1643567191
batie,38.31,17.0,1.86,0.0,-23.4923,-58.7972,PY,1643567192
coihaique,6.88,54.0,2.06,0.0,42.25,-2.5,ES,1643567192
fukuma,16.65,14.0,4.83,1.0,14.2,24.6667,SD,1643567192
torrington,-21.61,70.0,0.0,0.0,64.5011,-165.4064,US,1643567193
mocambique,26.21,78.0,5.4,49.0,-21.3667,55.6167,RE,1643567168
port lincoln,3.83,93.0,3.09,100.0,54.3161,-130.3201,CA,1643567166
taos,16.43,95.0,0.49,92.0,-5.3,36.5667,TZ,1643567193
bialogard,1.58,98.0,1.45,100.0,58.3019,-134.4197,US,1643567157
calama,8.9,94.0,7.86,70.0,51.0333,-4.2167,GB,1643567165
deniliquin,13.08,99.0,0.78,55.0,40.922,14.5329,IT,1643567194
joura,7.08,64.0,6.97,100.0,40.4723,50.333,AZ,1643567194
surovikino,28.51,75.0,0.99,90.0,-7.7136,-66.9764,BR,1643567194
celestun,31.01,77.0,4.45,100.0,-3.41,-39.0306,BR,1643567195
kaeo,16.25,34.0,7.23,38.0,26.326,43.975,SA,1643567195
ternate,24.65,88.0,2.83,97.0,-13.4408,-49.1486,BR,1643567196
todos santos,29.39,62.0,3.99,90.0,-2.5983,-43.4611,BR,1643567191
koppang,27.48,49.0,2.1,97.0,-1.95,18.2667,CD,1643567196
qeshm,10.56,45.0,1.66,4.0,31.3411,69.4481,PK,1643567197
labuhan,23.87,100.0,4.12,75.0,-20.7333,139.5,AU,1643567097
whitehaven,13.38,82.0,5.14,20.0,35.8419,14.5431,MT,1643567197
khandagayty,20.52,77.0,2.57,75.0,1.4181,-77.3968,CO,1643567197
tchamba,3.93,56.0,0.89,0.0,39.1834,-84.5333,US,1643566531
honggang,1.0,29.0,7.58,73.0,37.4486,116.2925,CN,1643567198
tessalit,22.8,32.0,1.22,67.0,3.0372,29.5355,CD,1643567198
ruatoria,24.11,71.0,4.79,100.0,-11.0964,-77.6139,PE,1643567199
chililabombwe,19.25,92.0,0.63,60.0,7.9986,124.2928,PH,1643567172
grass valley,8.9,76.0,3.09,0.0,36.7525,3.042,DZ,1643566927
cascais,0.65,76.0,6.32,98.0,45.3167,55.2,KZ,1643567199
storsteinnes,-28.65,100.0,0.92,68.0,46.95,128.05,CN,1643567199
pudozh,26.54,73.0,3.07,68.0,-16.4833,-151.75,PF,1643567200
aksu,22.05,48.0,5.12,0.0,28.017,-97.5169,US,1643567193
challakere,28.66,31.0,7.95,100.0,-30.6497,24.0123,ZA,1643567200
gumdag,1.59,60.0,8.23,40.0,46.7167,23.6167,RO,1643567201
deputatskiy,14.09,60.0,1.74,0.0,26.15,87.5167,IN,1643567201
saldanha,-3.84,85.0,3.6,40.0,52.3168,-106.5679,CA,1643567201
kennett,8.47,74.0,2.68,75.0,45.5234,-122.6762,US,1643566669
chalus,0.33,65.0,4.3,7.0,41.1875,61.4036,TM,1643567202
neyshabur,-30.49,99.0,2.14,100.0,67.45,153.6833,RU,1643567202
kununurra,35.14,59.0,3.54,22.0,9.5201,-84.3225,CR,1643567202
ninghai,27.86,78.0,2.57,0.0,-12.9067,45.1914,YT,1643567203
ahipara,-4.94,59.0,6.17,0.0,41.2835,-70.0995,US,1643567203
murygino,27.27,74.0,0.45,40.0,-19.9842,57.6142,MU,1643567203
san salvador,-14.06,77.0,5.4,100.0,59.5833,151.2833,RU,1643567264
warqla,-0.75,64.0,2.57,40.0,70.6634,23.6821,NO,1643567264
atbasar,-17.2,69.0,7.83,100.0,56.45,138.1667,RU,1643567076
australind,26.36,77.0,1.73,100.0,-5.8092,-61.3003,BR,1643567265
pozo colorado,23.83,88.0,2.05,99.0,9.1769,105.15,VN,1643567265
la rioja,5.38,65.0,8.07,59.0,46.2,21.6,RO,1643567265
kutum,14.28,60.0,1.46,0.0,42.7762,-9.0603,ES,1643567266
nome,25.55,79.0,2.76,100.0,-12.5763,13.4055,AO,1643567266
saint-joseph,28.23,67.0,4.98,44.0,5.6592,-53.7767,GF,1643567266
prince rupert,0.54,79.0,6.05,74.0,37.4833,141.0,JP,1643567267
kibaya,14.4,38.0,0.9,0.0,31.6253,71.0657,PK,1643567267
juneau,32.43,42.0,2.99,96.0,10.1869,-74.5753,CO,1643567267
northam,-2.51,54.0,3.13,0.0,40.6576,-73.5832,US,1643567268
nola,27.35,35.0,3.62,62.0,-29.6643,17.8865,ZA,1643567268
artyom,26.2,86.0,6.12,86.0,-14.2667,50.1667,MG,1643567268
pauini,-1.95,72.0,4.66,65.0,42.0551,59.3788,TM,1643567269
viligili,0.21,93.0,6.36,100.0,49.8425,36.5477,UA,1643567269
paracuru,-1.03,64.0,9.26,75.0,71.0357,27.8492,NO,1643567267
artyk,8.31,29.0,0.6,7.0,33.5959,56.9244,IR,1643567270
buraydah,24.89,87.0,1.34,25.0,9.7392,118.7353,PH,1643567270
porangatu,-6.92,81.0,8.69,100.0,59.1167,159.9667,RU,1643567270
palabuhanratu,-27.0,63.0,2.06,75.0,66.1451,-65.7125,CA,1643567167
wahran,26.25,79.0,1.95,100.0,-1.5746,9.2618,GA,1643567271
humberto de campos,25.8,84.0,3.53,95.0,-11.2061,13.8437,AO,1643567271
inongo,27.45,79.0,3.9,98.0,-8.103,156.8419,SB,1643567272
zhob,29.8,62.0,1.85,31.0,-15.3833,-62.95,BO,1643567272
mount isa,28.06,75.0,3.88,59.0,4.423,-7.3528,CI,1643567272
marsaxlokk,-1.92,92.0,4.0,27.0,43.0645,44.7417,RU,1643567273
el tambo,-11.87,96.0,2.13,100.0,63.0734,40.3329,RU,1643567273
hamilton,-30.83,100.0,1.2,100.0,63.0128,112.4714,RU,1643567012
dezhou,7.7,30.0,3.6,0.0,34.2257,-77.9447,US,1643567145
watsa,-1.06,100.0,2.57,100.0,68.1214,13.5031,NO,1643567273
hualmay,6.01,70.0,6.67,7.0,53.3167,11.5,DE,1643567274
marawi,-3.27,46.0,0.89,16.0,41.1668,-74.0496,US,1643567274
algiers,2.83,99.0,2.27,100.0,50.3164,-122.8027,CA,1643567275
beyneu,-5.9,94.0,2.43,74.0,49.1667,-101.8009,CA,1643567275
tieli,0.63,96.0,9.29,100.0,54.8667,24.45,LT,1643567275
faanui,23.38,96.0,0.41,100.0,-3.3836,-57.7186,BR,1643567276
san patricio,23.17,94.0,1.85,98.0,0.5412,123.0595,ID,1643567276
samusu,-17.7,62.0,3.58,52.0,66.3167,-179.1667,RU,1643567276
de aar,26.61,13.0,6.42,91.0,22.6783,-3.9836,ML,1643567277
feleacu,13.43,55.0,7.79,87.0,29.0331,21.5482,LY,1643567277
araria,15.48,31.0,5.14,0.0,31.8913,-85.1455,US,1643567277
warman,19.21,93.0,1.5,100.0,-14.3707,23.242,ZM,1643567277
portland,21.31,76.0,4.67,0.0,22.2394,68.9678,IN,1643567278
gazojak,3.56,74.0,2.04,52.0,27.8964,102.2634,CN,1643567278
srednekolymsk,26.94,18.0,5.66,0.0,-38.9516,-68.0591,AR,1643567278
parrita,25.72,94.0,0.51,20.0,3.3,117.6333,ID,1643567339
bandrele,25.72,85.0,3.2,100.0,-3.2778,-39.2689,BR,1643567326
nantucket,27.83,77.0,5.71,88.0,2.9167,73.5667,MV,1643567339
cap malheureux,19.36,80.0,2.15,100.0,-22.116,14.2845,NA,1643567340
broken hill,25.98,68.0,1.21,86.0,-6.4667,16.8167,CD,1643567340
ola,2.25,58.0,5.96,61.0,59.514,15.9926,SE,1643567340
hammerfest,14.47,86.0,1.8,89.0,-42.7167,170.9667,NZ,1643567341
ayan,12.52,39.0,2.88,11.0,27.181,31.1837,EG,1643567341
manicore,18.37,82.0,3.02,97.0,-20.15,28.5833,ZW,1643567341
ca mau,29.88,26.0,3.21,21.0,-19.8167,-63.9833,BO,1643567342
covasint,21.59,58.0,8.17,2.0,-35.3333,-72.4167,CL,1643567199
muros,-35.43,99.0,2.66,98.0,70.0167,135.6,RU,1643567342
benguela,25.25,29.0,0.78,80.0,2.7858,24.73,CD,1643567343
kadykchan,8.19,77.0,0.68,74.0,28.1667,94.7667,IN,1643567343
mana,24.45,89.0,1.64,99.0,-6.2222,-57.7528,BR,1643567164
namie,24.58,86.0,1.18,70.0,6.1018,125.2905,PH,1643567343
bhakkar,27.25,76.0,3.95,11.0,6.8833,73.1,MV,1643567173
algarrobo,19.08,59.0,5.29,93.0,25.0213,37.2685,SA,1643567344
freeport,7.02,51.0,14.43,0.0,46.7509,19.4726,HU,1643567344
springbok,-3.13,92.0,6.54,100.0,50.6789,156.125,RU,1643567344
sambava,-1.71,95.0,10.93,99.0,51.226,-58.6502,CA,1643567345
akdepe,15.28,77.0,6.17,40.0,37.7333,-25.6667,PT,1643567345
novopokrovka,-5.68,63.0,1.34,80.0,42.2506,-75.833,US,1643567077
mehamn,21.75,60.0,13.89,75.0,16.8901,-24.9804,CV,1643567346
tawnat,4.98,76.0,6.42,78.0,53.6,7.2,DE,1643567346
tabas,13.3,36.0,3.32,17.0,9.8,38.7333,ET,1643567346
puerto princesa,-15.84,85.0,2.06,0.0,49.7833,-92.7503,CA,1643567347
palana,31.37,68.0,6.16,93.0,-6.9811,-34.8339,BR,1643567068
pangnirtung,-4.82,62.0,3.09,100.0,43.4668,-80.5164,CA,1643567071
omboue,23.1,63.0,5.38,84.0,-24.7,44.75,MG,1643567347
sumbe,19.83,83.0,2.57,75.0,-28.7323,24.7623,ZA,1643567348
gizo,23.73,90.0,1.06,60.0,6.5722,124.8772,PH,1643567348
urubicha,9.82,39.0,2.57,0.0,37.6792,-95.4572,US,1643567348
tabou,-23.01,100.0,1.27,98.0,61.2767,108.0108,RU,1643567095
oktyabrskoye,-7.72,67.0,4.8,100.0,60.1432,-45.2371,GL,1643567063
yemtsa,20.02,63.0,4.62,0.0,20.9,70.3667,IN,1643567349
chernyshevskiy,13.42,41.0,0.89,40.0,34.7575,-112.4538,US,1643567349
wilmington,31.88,33.0,0.0,9.0,-20.05,-63.5167,BO,1643567350
gravdal,-24.26,98.0,0.86,25.0,54.3708,92.1358,RU,1643567350
ludwigslust,25.14,93.0,0.49,100.0,-8.4667,118.7167,ID,1643567350
rockland,22.55,78.0,1.58,68.0,-4.45,26.6667,CD,1643567351
barbar,22.91,100.0,6.17,100.0,-25.2406,130.9889,AU,1643567077
pemberton,16.4,47.0,0.89,0.0,37.1666,-119.8343,US,1643567351
carnduff,-35.22,100.0,0.73,56.0,68.5333,146.4167,RU,1643567351
kaisiadorys,-22.59,92.0,2.24,100.0,68.0546,166.4372,RU,1643567352
maues,15.98,82.0,9.32,40.0,38.7333,-27.0667,PT,1643567352
gorontalo,22.66,94.0,2.57,40.0,-28.8667,153.5667,AU,1643567353
egvekinot,4.1,81.0,1.57,47.0,25.1167,114.3,CN,1643567353
taoudenni,-9.29,60.0,2.17,80.0,45.9001,-77.3328,CA,1643567207
jalu,-4.94,86.0,3.6,100.0,61.6886,27.2723,FI,1643567414
eufaula,35.64,22.0,2.0,0.0,-27.7951,-64.2615,AR,1643567414
lukulu,22.94,94.0,1.03,100.0,-19.0595,-169.9187,NU,1643567415
dwarka,26.59,78.0,4.54,30.0,5.3833,-52.95,GF,1643567415
xichang,-1.48,54.0,4.63,0.0,39.7084,-91.3585,US,1643567128
neuquen,27.22,99.0,4.28,100.0,-22.2763,166.4572,NC,1643567416
shahrud,19.98,73.0,4.5,35.0,-29.9533,-71.3436,CL,1643567416
tarakan,15.4,21.0,3.09,0.0,31.5545,-110.3037,US,1643567400
trairi,17.89,59.0,4.1,51.0,32.2994,-9.2372,MA,1643567416
muli,24.13,97.0,1.74,100.0,-9.1667,-60.6333,BR,1643567268
henties bay,7.37,55.0,2.24,96.0,41.1754,29.6133,TR,1643567417
kasongo-lunda,7.86,46.0,1.79,0.0,37.2711,-87.1764,US,1643567417
koping,-30.15,100.0,1.59,13.0,51.7833,113.7667,RU,1643567418
hokitika,-27.3,97.0,1.62,14.0,54.4333,113.6,RU,1643567418
asyut,21.63,88.0,0.81,42.0,-18.7667,46.0333,MG,1643567418
bulawayo,-17.98,92.0,1.03,0.0,65.9667,29.1833,FI,1643567419
monteagudo,14.14,72.0,1.03,0.0,35.174,-2.9287,MA,1643567136
constitucion,-9.08,66.0,4.7,3.0,42.7297,133.0839,RU,1643567419
ust-kuyga,7.54,37.0,1.18,21.0,31.2656,56.8055,IR,1643567420
agva,26.48,79.0,1.45,9.0,7.9868,117.0645,PH,1643567420
buta,27.99,69.0,2.75,7.0,-12.9025,45.0761,YT,1643567420
along,8.16,86.0,7.2,75.0,52.7101,-2.7521,GB,1643567421
jacareacanga,23.5,85.0,1.1,100.0,-4.7333,38.1,TZ,1643567421
alabel,35.47,29.0,1.03,10.0,3.8653,-67.9239,CO,1643567421
dhidhdhoo,-21.97,96.0,2.34,37.0,46.6806,113.2792,MN,1643567422
umm lajj,27.5,77.0,6.32,31.0,5.1033,73.0708,MV,1643567422
orgovany,28.06,56.0,7.75,0.0,-32.035,-52.0986,BR,1643567422
severo-kurilsk,20.23,78.0,1.63,99.0,-28.55,16.4333,NA,1643567423
saint-augustin,15.01,63.0,11.32,75.0,26.1247,127.6694,JP,1643567423
ponta delgada,20.5,92.0,1.1,74.0,-35.35,150.4667,AU,1643567423
broome,12.18,41.0,3.27,3.0,27.2696,31.1511,EG,1643567424
mindelo,24.62,89.0,2.89,100.0,-14.4547,-56.8028,BR,1643567424
guekedou,-8.82,68.0,6.4,21.0,43.3236,145.575,JP,1643567424
norden,-18.52,99.0,1.28,93.0,60.733,56.7202,RU,1643567425
fiche,17.71,82.0,2.06,75.0,-29.1211,26.214,ZA,1643567425
dryden,-2.95,50.0,11.45,0.0,64.2539,-15.2082,IS,1643567426
cabedelo,9.82,100.0,8.99,100.0,51.95,-7.8506,IE,1643567426
waterloo,11.7,23.0,1.93,0.0,38.8692,-1.0971,ES,1643567426
ampanihy,-6.31,73.0,0.51,0.0,37.5683,126.9778,KR,1643566873
kimberley,12.4,63.0,1.4,0.0,26.3667,81.8,IN,1643567427
blingkong,-29.74,100.0,1.41,84.0,66.0,111.5,RU,1643567427
chanute,32.26,50.0,2.07,96.0,-3.3783,-68.8725,BR,1643567427
yerbogachen,18.92,96.0,0.79,0.0,16.7333,82.2167,IN,1643567428
nanortalik,27.23,60.0,7.45,18.0,13.9297,41.6925,ER,1643567428
veraval,4.88,86.0,0.79,6.0,43.3376,-6.4145,ES,1643567488
chino valley,23.71,83.0,3.1,100.0,10.9333,108.1,VN,1643567489
camiri,16.27,40.0,7.43,63.0,-43.3002,-65.1023,AR,1643567489
idrinskoye,11.62,53.0,1.76,46.0,27.9167,96.1667,IN,1643567490
bima,-0.23,67.0,0.56,57.0,42.9057,73.2697,KZ,1643567490
kasongo,-6.04,69.0,0.89,0.0,45.0205,-93.218,US,1643567490
yulara,31.76,24.0,3.63,8.0,-19.8,-63.2167,BO,1643567491
madera,26.51,11.0,4.15,99.0,20.5022,-10.0711,MR,1643567491
belaya gora,-5.61,68.0,4.12,99.0,43.7501,-81.7165,CA,1643567492
bilibino,27.67,78.0,8.63,100.0,1.3292,172.9752,KI,1643567492
praia da vitoria,12.54,61.0,6.98,40.0,29.1081,21.2869,LY,1643567492
ballina,-0.3,38.0,3.09,0.0,38.8451,-76.875,US,1643567493
xiongzhou,25.4,14.0,2.38,100.0,7.3706,7.6253,NG,1643567493
jiazi,8.95,67.0,3.5,17.0,46.6166,10.7002,IT,1643567494
petawawa,22.75,100.0,4.63,100.0,-23.7,133.8833,AU,1643567476
galiwinku,26.83,21.0,1.1,100.0,7.0069,-7.475,CI,1643567494
mikkeli,-27.16,94.0,1.6,78.0,54.3,110.3,RU,1643567495
santiago del estero,22.78,93.0,0.45,67.0,-28.0,153.4333,AU,1643567495
alofi,17.54,82.0,1.12,100.0,-31.3333,27.85,ZA,1643567495
kazalinsk,-28.12,99.0,0.66,83.0,52.1657,109.7726,RU,1643567495
sinnamary,31.56,49.0,1.47,34.0,8.5389,-74.6204,CO,1643567496
hannibal,26.16,88.0,2.97,99.0,-0.1833,-50.05,BR,1643567200
utiroa,13.54,32.0,7.16,0.0,33.194,-82.5271,US,1643567233
noumea,25.34,86.0,0.61,100.0,-9.4333,159.95,SB,1643567497
coquimbo,-23.05,99.0,3.05,89.0,65.85,74.4859,RU,1643567497
sierra vista,21.94,36.0,3.09,0.0,32.6859,-117.1831,US,1643567478
asfi,20.48,14.0,3.1,36.0,10.387,8.5726,NG,1643567498
eldikan,23.33,53.0,5.81,75.0,19.2833,-81.25,KY,1643567498
aripuana,10.12,80.0,9.41,71.0,52.3342,-6.4575,IE,1643567498
sile,28.33,47.0,2.68,20.0,-24.7859,-65.4117,AR,1643567432
morehead,27.11,67.0,7.13,100.0,-4.9561,-37.1369,BR,1643567443
novokruchininskiy,-5.1,96.0,2.02,100.0,54.4815,53.471,RU,1643567499
bagdarin,1.39,86.0,3.6,75.0,61.5996,5.0328,NO,1643567499
tsiroanomandidy,27.22,19.0,12.85,55.0,-39.0333,-67.5833,AR,1643567338
kuusamo,24.28,69.0,5.26,100.0,7.0419,134.2556,PW,1643567500
nador,-22.88,96.0,1.35,100.0,55.65,109.3167,RU,1643567500
vrangel,-9.98,98.0,1.77,97.0,56.2749,51.508,RU,1643567500
ravar,26.93,80.0,5.13,100.0,-7.9139,39.6668,TZ,1643567501
balabac,24.58,80.0,2.35,99.0,-0.9131,122.8766,ID,1643567501
boueni,-17.07,99.0,1.48,69.0,62.0731,49.5733,RU,1643567502
shrewsbury,25.95,81.0,1.44,100.0,-3.6667,152.4333,PG,1643567502
makuyuni,-15.79,85.0,2.06,100.0,50.1001,-91.917,CA,1643567502
tabiauea,7.78,62.0,5.63,14.0,33.2833,134.15,JP,1643567503
inirida,-24.64,100.0,3.42,100.0,63.05,179.3167,RU,1643567503
baruun-urt,23.72,74.0,7.75,100.0,2.7809,45.5005,SO,1643567503
eydhafushi,-3.64,87.0,2.11,100.0,59.8789,8.5941,NO,1643567504
rio grande,23.52,99.0,3.53,54.0,-26.5333,153.1,AU,1643567504
oranjemund,-6.32,94.0,1.37,84.0,54.2331,-125.7533,CA,1643567472
itoman,-11.13,85.0,1.52,2.0,33.35,64.4167,AF,1643567565
ulladulla,21.07,83.0,5.66,75.0,-7.9589,-79.2392,PE,1643567565
abnub,14.6,63.0,11.32,75.0,26.1842,127.7558,JP,1643567566
nortelandia,25.1,84.0,1.46,61.0,6.2106,124.1894,PH,1643567566
nemuro,2.28,82.0,6.05,100.0,45.2778,38.8436,RU,1643567566
nyrob,13.92,87.0,1.55,99.0,24.757,121.753,TW,1643567567
bloemfontein,37.77,14.0,1.35,0.0,-25.3333,-57.5333,PY,1643567536
hofn,25.85,41.0,7.69,56.0,-38.8759,-62.0736,AR,1643567345
youghal,9.45,82.0,11.05,92.0,53.2028,-6.0983,IE,1643567567
almansa,8.86,72.0,1.87,0.0,36.8,4.2667,DZ,1643567568
seoul,-14.72,89.0,0.81,4.0,41.2647,125.3667,CN,1643567568
musafirkhana,-29.0,100.0,2.27,96.0,62.5333,155.8,RU,1643567568
aykhal,21.96,65.0,5.83,100.0,8.4054,48.4845,SO,1643567569
sao paulo de olivenca,10.49,40.0,0.89,0.0,37.2001,-94.3502,US,1643567472
yanam,27.35,77.0,6.85,100.0,-3.6954,128.1814,ID,1643567569
edd,28.39,78.0,3.6,20.0,-12.974,40.5178,MZ,1643567569
khani,26.51,78.0,3.8,100.0,-20.2333,164.0167,NC,1643567570
tineo,1.99,60.0,1.03,97.0,50.5834,-111.8851,CA,1643567468
phan thiet,25.22,68.0,5.32,15.0,12.7794,45.0367,YE,1643567570
rawson,19.81,38.0,3.87,94.0,-7.6167,-78.05,PE,1643567571
tezu,28.88,48.0,5.66,0.0,-31.3314,-54.1069,BR,1643567571
oytal,31.36,62.0,4.12,20.0,8.5,-82.4333,PA,1643567572
saint anthony,-15.4,99.0,3.6,100.0,65.9939,57.5281,RU,1643567572
saryshagan,27.29,77.0,4.0,35.0,6.2282,120.5631,PH,1643567572
charagua,-22.96,99.0,0.7,100.0,54.1742,103.0304,RU,1643567573
adrar,16.19,44.0,0.5,13.0,22.8333,87.3333,IN,1643567573
goderich,23.98,69.0,6.17,75.0,21.4612,-71.1419,TC,1643567573
bairiki,22.9,84.0,2.31,85.0,-21.3667,-45.5125,BR,1643567574
awjilah,-9.03,86.0,9.0,100.0,51.1801,71.446,KZ,1643567574
forestville,22.82,87.0,0.83,100.0,-22.2522,-45.7033,BR,1643567574
ankpa,17.18,93.0,2.23,42.0,-41.0667,145.9167,AU,1643567575
lasa,-9.43,73.0,8.92,100.0,59.3833,143.3,RU,1643567575
alice springs,30.4,39.0,3.98,0.0,-35.4444,-60.8831,AR,1643567576
bangolo,26.24,15.0,2.1,4.0,11.0297,20.2827,TD,1643567576
kurumkan,33.5,32.0,2.83,50.0,4.2708,-73.4867,CO,1643567576
gold coast,26.96,83.0,1.63,100.0,-10.4544,161.9205,SB,1643567577
elliot,22.28,55.0,1.11,100.0,6.5047,4.7839,NG,1643567577
khorinsk,20.6,85.0,7.52,100.0,-28.5354,24.5215,ZA,1643567577
majagual,18.75,66.0,3.53,0.0,25.8285,69.3772,PK,1643567578
tucuma,25.22,87.0,1.58,94.0,-8.7676,160.7034,SB,1643567578
chagda,20.18,88.0,1.03,20.0,17.65,83.2667,IN,1643567578
avera,-4.55,95.0,4.13,100.0,57.2824,35.2262,RU,1643567579
honiara,28.16,75.0,2.1,100.0,-10.5,-48.0,BR,1643567579
pangody,26.81,88.0,1.54,40.0,-8.65,115.2167,ID,1643567325
coronado,-20.83,100.0,1.24,100.0,60.3778,92.6267,RU,1643567579
lere,-15.0,72.0,6.17,100.0,68.2191,-135.0107,CA,1643567640
bodden town,-10.8,60.0,7.2,91.0,39.2708,113.5478,CN,1643567640
wexford,27.32,89.0,3.6,75.0,-10.1667,123.5833,ID,1643567641
salta,26.75,73.0,4.41,63.0,-16.7,-151.0167,PF,1643567641
areia branca,25.62,84.0,1.78,100.0,-2.65,10.0,GA,1643567641
oktyabrskiy,-22.92,100.0,0.41,85.0,57.6953,93.2761,RU,1643567642
floro,25.99,83.0,5.03,49.0,14.3122,121.1114,PH,1643567530
general roca,-12.36,89.0,0.76,100.0,34.1667,77.5833,IN,1643567642
kloulklubed,2.47,82.0,5.73,100.0,45.5168,41.7115,RU,1643567643
severobaykalsk,-0.47,97.0,4.25,99.0,54.4299,31.8996,RU,1643567643
kizner,21.98,25.0,2.46,47.0,8.0777,22.4007,CF,1643567643
kilindoni,26.9,73.0,4.85,13.0,7.5264,-12.505,SL,1643567644
biak,28.25,67.0,1.94,100.0,4.25,-54.3833,GF,1643567644
zheshart,24.06,93.0,1.93,100.0,-15.9653,-54.9683,BR,1643567644
namatanai,-2.84,71.0,9.37,100.0,40.2039,140.0242,JP,1643567645
sioux lookout,15.04,82.0,0.51,0.0,40.9577,-8.6275,PT,1643567645
muroto,-13.93,79.0,6.47,100.0,59.7,150.1667,RU,1643567534
beringovskiy,13.91,31.0,2.24,0.0,36.1867,-94.1288,US,1643567358
jawhar,-0.44,51.0,2.24,20.0,39.4187,-76.2944,US,1643567438
rjukan,-7.12,51.0,7.61,0.0,42.4308,130.6434,RU,1643567646
coolum beach,2.77,46.0,0.45,100.0,37.666,-77.5064,US,1643567646
burns lake,26.49,86.0,2.25,100.0,-8.45,115.6167,ID,1643567647
hirara,29.08,9.0,4.26,63.0,12.8347,-4.9244,ML,1643567647
taywarah,-5.71,93.0,2.38,53.0,55.7833,-118.8361,CA,1643567648
santiago de cao,21.07,88.0,4.63,37.0,-32.25,148.6167,AU,1643567528
nishihara,20.71,17.0,6.12,0.0,21.65,-101.5,MX,1643567648
palimbang,7.71,48.0,3.57,0.0,33.1222,46.1646,IR,1643567649
novovelichkovskaya,25.13,76.0,7.61,93.0,5.3505,48.5268,SO,1643567649
yilan,17.63,89.0,1.67,100.0,-7.9386,110.2506,ID,1643567650
san lorenzo,28.22,33.0,2.97,5.0,13.8333,-88.9167,SV,1643567650
punta alta,27.0,82.0,3.4,58.0,4.375,-7.7169,LR,1643567650
bray,-21.93,97.0,3.29,94.0,65.5333,72.5167,RU,1643567651
timizart,21.3,68.0,13.89,100.0,14.9215,-23.5087,CV,1643567651
huanren,-18.19,91.0,1.45,14.0,52.9821,84.6757,RU,1643567652
omsukchan,24.1,88.0,2.42,100.0,-13.275,-50.1628,BR,1643567652
garowe,-4.53,79.0,7.04,100.0,60.4667,166.1,RU,1643567591
jasper,13.33,92.0,0.2,31.0,-45.4167,167.7167,NZ,1643567653
ambon,22.22,95.0,1.39,62.0,-32.7167,152.15,AU,1643567461
pemba,0.74,93.0,1.54,75.0,62.5833,6.1333,NO,1643567653
panjwin,-12.94,100.0,1.04,29.0,69.4719,25.5112,NO,1643567653
poum,25.83,80.0,2.61,100.0,-2.8833,108.2667,ID,1643567654
brooks,11.64,44.0,0.98,0.0,23.75,84.5,IN,1643567654
aden,15.03,72.0,7.72,40.0,22.2769,113.5678,CN,1643567654
cajabamba,-34.18,100.0,1.11,64.0,66.4167,112.4,RU,1643567655
bage,4.3,67.0,5.32,61.0,39.447,-86.1758,US,1643567655
sorvag,26.31,22.0,7.03,0.0,-26.3667,-70.05,CL,1643567716
los algarrobos,33.65,30.0,2.11,0.0,-31.732,-60.5238,AR,1643567716
usinsk,15.03,36.0,0.99,0.0,27.2879,68.5051,PK,1643567716
pandan niog,22.3,98.0,1.96,21.0,8.3565,80.4173,LK,1643567551
ust-uda,22.08,79.0,6.4,0.0,25.2919,60.643,IR,1643567568
amlagora,-19.81,97.0,0.78,5.0,44.1525,125.8328,CN,1643567717
cockburn town,-18.23,78.0,2.57,100.0,58.8053,-122.7002,CA,1643567717
tres pontas,-1.59,84.0,1.34,100.0,44.7631,-85.6206,US,1643567718
astana,17.99,57.0,3.6,0.0,25.2867,51.5333,QA,1643567500
santa rita do sapucai,23.04,46.0,3.46,5.0,15.2167,75.9,IN,1643567718
fevralsk,28.16,69.0,2.06,40.0,-11.3847,43.2844,KM,1643567718
kegayli,9.97,31.0,1.54,0.0,35.1717,-103.725,US,1643567719
burnie,27.21,83.0,3.6,75.0,-20.5167,57.5167,MU,1643567719
okhotsk,31.33,66.0,5.64,100.0,-7.4706,-34.8086,BR,1643567719
nueve de julio,11.07,82.0,0.45,99.0,40.8021,-124.1637,US,1643567720
louisbourg,11.79,70.0,1.01,0.0,26.2039,83.9717,IN,1643567720
am timan,-18.98,100.0,3.02,98.0,63.7898,74.523,RU,1643567720
cumaral,24.72,87.0,3.92,26.0,-14.9003,50.2788,MG,1643567721
kirakira,20.11,86.0,3.75,71.0,-9.8607,124.284,ID,1643567721
okitipupa,9.53,69.0,3.55,0.0,39.8708,16.5312,IT,1643567721
barkly west,24.44,65.0,8.03,96.0,16.45,-85.85,HN,1643567722
khipro,22.54,98.0,0.46,100.0,-0.6876,100.9537,ID,1643567722
auki,11.92,72.0,4.06,97.0,36.7333,24.4333,GR,1643567722
yarada,25.2,83.0,9.84,100.0,2.0371,45.3438,SO,1643567457
kalashnikovo,4.51,80.0,4.24,0.0,31.4583,131.2333,JP,1643567723
tocantins,1.96,82.0,0.23,95.0,30.6578,117.4831,CN,1643567723
denpasar,19.94,95.0,1.15,42.0,-17.5833,48.2167,MG,1643567723
teya,3.55,55.0,0.0,0.0,37.6775,-113.0619,US,1643567608
ust-kulom,17.18,98.0,1.34,100.0,-13.9652,28.6809,ZM,1643567724
linapacan,35.2,25.0,5.68,97.0,4.2817,-72.794,CO,1643567724
aklavik,29.62,35.0,2.56,1.0,14.0333,-88.9333,SV,1643567725
shahe,-7.13,79.0,2.39,90.0,38.6066,44.9883,IR,1643567725
kupang,24.69,81.0,4.62,100.0,-2.3889,40.4382,KE,1643567726
fare,-18.42,83.0,7.76,100.0,54.7183,135.315,RU,1643567726
gamba,-37.23,99.0,1.12,32.0,63.9242,127.4739,RU,1643567726
kazachinskoye,5.94,78.0,1.79,100.0,51.3813,1.3862,GB,1643567727
santa rosa,4.31,40.0,1.5,0.0,36.2126,57.6819,IR,1643567727
leh,27.64,34.0,3.81,2.0,25.0833,-108.05,MX,1643567727
ptichye,1.16,91.0,1.41,31.0,29.2947,117.2079,CN,1643567728
bolungarvik,18.64,33.0,6.02,100.0,-40.8135,-62.9967,AR,1643567728
sobolevo,12.6,90.0,2.14,100.0,-11.3525,-75.6594,PE,1643567728
ouadda,18.11,81.0,1.49,45.0,-39.0333,177.3667,NZ,1643567729
bonthe,20.8,32.0,1.74,0.0,9.9833,39.9833,ET,1643567729
grand-santi,8.89,79.0,7.81,100.0,51.55,-9.2667,IE,1643567729
jaciara,15.56,46.0,4.11,100.0,31.2565,32.2841,EG,1643567441
noshiro,8.86,90.0,1.79,100.0,47.5999,-53.2648,CA,1643567468
esmoriz,22.06,87.0,3.83,65.0,-25.2986,152.8535,AU,1643567790
arman,-3.29,94.0,6.7,100.0,51.9617,58.1592,RU,1643567790
springdale,9.32,46.0,1.03,8.0,38.3791,-4.8483,ES,1643567791
edgewood,9.68,82.0,0.66,74.0,28.2333,83.9833,NP,1643567791
khasan,30.27,26.0,3.71,0.0,-34.6177,-68.3301,AR,1643567792
glen allen,3.28,59.0,0.89,100.0,54.0524,-128.6534,CA,1643567792
karangasem,28.87,57.0,1.26,80.0,-20.3903,-40.4961,BR,1643567792
kimparana,-10.1,81.0,3.47,100.0,65.4167,-52.9,GL,1643567793
cazaje,13.25,82.0,1.79,0.0,36.0553,14.204,MT,1643567793
babanusah,13.74,75.0,12.24,98.0,31.7561,25.0865,LY,1643567793
spirit river,26.94,74.0,4.92,100.0,3.4568,8.5547,GQ,1643567794
dubbo,11.42,98.0,1.23,100.0,20.4197,104.0439,LA,1643567794
ocampo,-1.08,98.0,1.67,100.0,56.0951,27.5372,LV,1643567794
mehran,-13.89,96.0,2.75,100.0,56.3979,68.3728,RU,1643567795
hobyo,-14.74,99.0,1.99,91.0,58.9785,47.0246,RU,1643567795
srandakan,-13.07,98.0,0.8,84.0,37.5833,44.1667,TR,1643567795
salvador,23.28,72.0,1.91,91.0,-2.5447,14.7533,CG,1643567796
harper,23.03,57.0,4.56,100.0,21.2311,-86.731,MX,1643567796
nadym,13.06,81.0,2.28,16.0,18.3851,42.4509,SA,1643567796
praia,26.06,83.0,4.43,100.0,-8.8368,13.2343,AO,1643567797
sinkat,36.12,17.0,2.06,0.0,15.3953,-15.1193,SN,1643567797
troitskoye,21.14,90.0,1.59,20.0,-33.8679,151.2073,AU,1643567144
sao miguel do araguaia,19.45,80.0,3.16,52.0,-36.8333,175.7,NZ,1643567798
tilichiki,40.64,18.0,0.73,0.0,-21.6989,-57.8825,BR,1643567798
te anau,17.94,92.0,1.5,100.0,-4.9,35.7833,TZ,1643567798
nelson bay,8.5,74.0,0.04,100.0,37.6117,28.0614,TR,1643567799
roald,-12.22,99.0,1.78,96.0,56.4447,52.2276,RU,1643567799
karasjok,29.23,54.0,3.09,100.0,5.556,-0.1969,GH,1643567799
manggar,28.92,25.0,4.58,0.0,-33.7333,-70.75,CL,1643567800
latehar,8.14,50.0,3.1,1.0,29.85,80.5333,IN,1643567800
zhuhai,-0.27,93.0,3.09,75.0,63.4455,10.9033,NO,1643567800
udachnyy,23.88,92.0,0.96,72.0,6.0851,101.8766,TH,1643567801
bud,15.61,41.0,2.06,0.0,24.0934,32.907,EG,1643567801
xinzhou,-20.2,100.0,0.3,100.0,56.2,96.53,RU,1643567801
diego de almagro,20.8,67.0,5.66,20.0,-33.0393,-71.6273,CL,1643567514
parana,18.09,93.0,0.88,100.0,-11.3649,29.5565,ZM,1643567802
ranipur,27.38,16.0,2.24,97.0,6.2679,21.2247,CF,1643567802
anuradhapura,26.55,87.0,1.79,21.0,1.0,-52.0,BR,1643567802
chabahar,-14.33,97.0,2.2,99.0,57.6935,71.1665,RU,1643567803
jiutai,31.05,77.0,3.52,100.0,-3.9014,-38.3911,BR,1643567803
karkaralinsk,19.63,96.0,0.58,98.0,-7.6087,15.0613,AO,1643567803
fort nelson,0.41,42.0,0.89,40.0,38.8876,-76.5119,US,1643567804
traverse city,3.08,88.0,6.06,100.0,44.5086,50.263,KZ,1643567804
doha,33.98,37.0,4.12,20.0,7.2424,-70.7324,VE,1643567804
mundargi,24.9,78.0,2.06,20.0,-23.8597,35.3472,MZ,1643567805
mitsamiouli,-12.23,92.0,2.11,100.0,54.7167,158.6167,RU,1643567806
tucumcari,25.78,48.0,3.5,2.0,-22.2833,44.5167,MG,1643567807
souillac,20.75,87.0,4.44,79.0,-19.6667,22.2667,BW,1643567867
pitimbu,9.64,80.0,3.9,90.0,36.862,34.6509,TR,1643567867
eureka,14.55,51.0,4.55,100.0,21.85,111.9667,CN,1643567868
lar,26.3,80.0,4.44,100.0,-9.6567,120.2641,ID,1643567868
muravlenko,15.63,40.0,3.0,0.0,20.8667,95.8667,MM,1643567869
antalaha,26.93,59.0,4.34,75.0,13.7332,-84.7773,NI,1643567869
soe,-29.12,99.0,2.07,47.0,63.2842,118.3319,RU,1643567870
trebisacce,-17.94,78.0,4.63,75.0,58.5169,-117.136,CA,1643567870
savannah bight,20.92,69.0,3.12,26.0,20.4833,-97.0167,MX,1643567870
sijunjung,15.22,22.0,0.89,20.0,39.8028,-105.0875,US,1643567709
adamas,9.82,74.0,1.54,89.0,37.9407,22.9573,GR,1643567871
mogadishu,23.49,71.0,1.54,0.0,21.3469,-158.0858,US,1643567871
kushima,29.44,65.0,2.7,38.0,-3.6667,-45.38,BR,1643567776
chizhou,18.86,92.0,0.83,100.0,-8.7386,24.9906,CD,1643567872
amparafaravola,24.82,44.0,4.12,0.0,34.4133,-119.861,US,1643567872
cedar city,-5.45,68.0,1.54,100.0,45.123,-92.5366,US,1643567872
kapiri mposhi,20.76,90.0,3.63,100.0,17.4189,121.4443,PH,1643567873
cabuyaro,25.41,75.0,6.68,31.0,-0.3582,42.5454,SO,1643567873
chalatenango,8.53,86.0,1.34,100.0,51.5407,-2.4184,GB,1643567873
ksenyevka,-10.15,97.0,2.53,100.0,57.6062,47.936,RU,1643567874
sarab,5.1,93.0,3.09,100.0,50.6996,-127.4199,CA,1643567874
mouzakion,-25.75,97.0,2.69,5.0,51.1,114.53,RU,1643567874
witu,-2.1,63.0,2.06,100.0,42.3212,-85.1797,US,1643567627
chumikan,-19.19,95.0,1.42,46.0,53.4497,89.5272,RU,1643567875
sangar,26.53,80.0,3.21,100.0,6.3711,126.1689,PH,1643567875
margate,22.4,85.0,4.47,100.0,-18.4483,-50.4517,BR,1643567876
sabzevar,-3.33,69.0,4.02,100.0,44.6453,-63.5724,CA,1643567537
la reforma,21.3,68.0,13.89,100.0,14.9215,-23.5087,CV,1643567876
jingdezhen,4.92,77.0,11.31,100.0,53.596,19.5685,PL,1643567740
viedma,20.06,83.0,1.54,75.0,16.4667,107.6,VN,1643567877
acobamba,14.38,41.0,2.25,32.0,37.2756,-6.8385,ES,1643567877
wairoa,9.03,90.0,7.81,100.0,51.5877,-2.9984,GB,1643567637
abomsa,7.86,76.0,10.16,96.0,52.6397,-9.4833,IE,1643567878
sahrak,-17.92,97.0,1.44,17.0,52.9113,87.3105,RU,1643567878
skibbereen,10.94,32.0,3.6,0.0,36.757,-90.3929,US,1643567878
port said,-17.71,95.0,3.82,97.0,65.8167,87.9833,RU,1643567879
bay roberts,17.23,31.0,5.14,0.0,25.9873,-80.2323,US,1643567879
qena,27.04,54.0,3.09,100.0,13.2019,-16.7339,GM,1643567879
hervey bay,28.01,74.0,0.7,99.0,-9.0656,-68.6569,BR,1643567880
buribay,2.39,49.0,2.2,0.0,29.2747,82.1838,NP,1643567880
mentok,28.35,72.0,3.15,92.0,-3.2003,-59.8119,BR,1643567881
pozoblanco,29.85,70.0,5.14,40.0,-8.0089,-34.8553,BR,1643567600
pokhara,11.58,75.0,0.0,0.0,42.4165,-122.8345,US,1643567626
san rafael,24.67,91.0,3.41,22.0,5.9485,80.5353,LK,1643567881
kitimat,25.04,97.0,0.0,100.0,-16.9167,145.7667,AU,1643567942
viana,-12.13,95.0,2.91,100.0,64.8989,45.7622,RU,1643567942
maniitsoq,13.2,47.0,0.86,6.0,29.9737,32.5263,EG,1643567942
san lawrenz,26.6,85.0,4.61,100.0,-8.6199,122.2111,ID,1643567943
bardiyah,-5.89,92.0,5.58,100.0,62.4333,22.1833,FI,1643567943
luba,-7.11,81.0,4.02,14.0,40.2724,141.3061,JP,1643567943
xam nua,7.39,87.0,1.54,100.0,49.4938,0.1077,FR,1643567944
dagda,7.62,55.0,4.8,0.0,45.8596,17.9841,HU,1643567944
golyshmanovo,23.54,90.0,2.32,97.0,-9.1061,124.8925,ID,1643567944
bogovarovo,21.32,66.0,2.89,8.0,-22.092,-70.1979,CL,1643567945
hakkari,31.21,62.0,5.83,19.0,-6.0911,-35.2086,BR,1643567945
djambala,0.07,72.0,1.79,40.0,41.5834,-87.5,US,1643567817
isla mujeres,24.23,100.0,0.0,40.0,3.1667,113.0333,MY,1643567894
faya,3.95,83.0,8.19,100.0,60.3964,-1.353,GB,1643567946
luanda,28.09,78.0,2.06,40.0,-4.2761,-55.9836,BR,1643567946
linguere,10.25,68.0,1.17,92.0,27.5167,88.5333,IN,1643567946
sydney,21.31,64.0,10.29,100.0,16.1833,-22.9167,CV,1643567947
whitianga,16.26,72.0,1.11,100.0,-28.2728,29.1295,ZA,1643567947
porto murtinho,-12.87,94.0,9.57,100.0,53.5739,142.9478,RU,1643567948
kondoa,12.05,50.0,5.77,0.0,33.7321,-84.9191,US,1643567948
cine,5.73,73.0,11.48,100.0,49.1499,-55.3482,CA,1643567948
mozhga,-0.36,86.0,9.21,100.0,59.2353,163.0719,RU,1643567949
accra,20.69,53.0,4.73,93.0,21.5453,-77.2644,CU,1643567949
buin,23.64,91.0,1.55,100.0,-1.5667,-80.4167,EC,1643567949
dharchula,22.74,53.0,4.0,58.0,-29.1139,-49.6167,BR,1643567950
hell,-5.31,60.0,1.89,86.0,42.183,69.8839,KZ,1643567950
sungai padi,21.59,93.0,3.72,100.0,-38.35,145.2,AU,1643567950
aswan,28.97,65.0,5.65,91.0,-10.4056,-36.4344,BR,1643567951
nizhniy ingash,7.55,83.0,8.92,97.0,54.6,-7.3,GB,1643567951
valparaiso,,,,,,,,
samfya,,,,,,,,
meyungs,,,,,,,,
ippy,,,,,,,,
amapa,,,,,,,,
ust-ishim,,,,,,,,
aquiraz,,,,,,,,
uige,,,,,,,,
mayo,,,,,,,,
fort-shevchenko,,,,,,,,
guasdualito,,,,,,,,
mullaitivu,,,,,,,,
maxixe,,,,,,,,
milkovo,,,,,,,,
ankazoabo,,,,,,,,
saleaula,,,,,,,,
nokaneng,,,,,,,,
mersin,,,,,,,,
yangjiang,,,,,,,,
waingapu,,,,,,,,
marv dasht,,,,,,,,
alotau,,,,,,,,
meiktila,,,,,,,,
siuna,,,,,,,,
khormuj,,,,,,,,
nyurba,,,,,,,,
high level,,,,,,,,
tecolutla,,,,,,,,
arvada,,,,,,,,
corinto,,,,,,,,
makakilo city,,,,,,,,
santa ines,,,,,,,,
kamina,,,,,,,,
isla vista,,,,,,,,
new richmond,,,,,,,,
tabuk,,,,,,,,
kismayo,,,,,,,,
yate,,,,,,,,
tuzha,,,,,,,,
port hardy,,,,,,,,
aginskoye,,,,,,,,
toliary,,,,,,,,
battle creek,,,,,,,,
biskamzha,,,,,,,,
pundaguitan,,,,,,,,
quirinopolis,,,,,,,,
halifax,,,,,,,,
deh rawud,,,,,,,,
praya,,,,,,,,
umm durman,,,,,,,,
ilawa,,,,,,,,
hue,,,,,,,,
moguer,,,,,,,,
newport,,,,,,,,
kilrush,,,,,,,,
kaz,,,,,,,,
poplar bluff,,,,,,,,
turukhansk,,,,,,,,
miramar,,,,,,,,
gunjur,,,,,,,,
sena madureira,,,,,,,,
jumla,,,,,,,,
careiro da varzea,,,,,,,,
olinda,,,,,,,,
jackson,,,,,,,,
matara,,,,,,,,
manaure,,,,,,,,
cairns,,,,,,,,
leshukonskoye,,,,,,,,
suez,,,,,,,,
maumere,,,,,,,,
kauhajoki,,,,,,,,
ninohe,,,,,,,,
le havre,,,,,,,,
vajszlo,,,,,,,,
atambua,,,,,,,,
tocopilla,,,,,,,,
nisia floresta,,,,,,,,
hammond,,,,,,,,
bintulu,,,,,,,,
brae,,,,,,,,
itaituba,,,,,,,,
mangan,,,,,,,,
sal rei,,,,,,,,
harrismith,,,,,,,,
okha,,,,,,,,
zlatoustovsk,,,,,,,,
kimi,,,,,,,,
villa rica,,,,,,,,
botwood,,,,,,,,
ossora,,,,,,,,
nuevitas,,,,,,,,
pajan,,,,,,,,
sombrio,,,,,,,,
lenger,,,,,,,,
crib point,,,,,,,,
piacabucu,,,,,,,,
omagh,,,,,,,,
